City_ID,City,Country,Lat,Lng,Max Temp,Humidity,Cloudiness,Wind Speed,Current Description
0,Hithadhoo,MV,-0.6,73.0833,85.32,73,100,16.33,overcast clouds
1,Rikitea,PF,-23.1203,-134.9692,76.37,71,12,5.64,few clouds
2,Mataura,NZ,-46.1927,168.8643,57.47,87,12,3.36,few clouds
3,Busselton,AU,-33.65,115.3333,61.05,82,67,1.61,broken clouds
4,Saint Anthony,US,45.0205,-93.218,46.0,87,100,17.27,overcast clouds
5,Saint-Joseph,RE,-21.3667,55.6167,72.21,82,2,3.89,clear sky
6,Ossora,RU,59.2353,163.0719,30.11,88,76,2.24,broken clouds
7,Punta Arenas,CL,-53.15,-70.9167,42.12,81,8,5.97,clear sky
8,San Patricio,US,28.017,-97.5169,88.52,67,86,18.34,overcast clouds
9,Butaritari,KI,3.0707,172.7902,81.21,79,86,13.09,light rain
10,Korla,CN,41.7597,86.1469,57.74,29,14,3.87,few clouds
11,Bredasdorp,ZA,-34.5322,20.0403,55.49,94,43,4.14,scattered clouds
12,Mahebourg,MU,-20.4081,57.7,74.25,94,20,1.14,few clouds
13,Kaitangata,NZ,-46.2817,169.8464,56.91,75,13,5.55,few clouds
14,Hermanus,ZA,-34.4187,19.2345,58.08,88,60,10.22,broken clouds
15,Atuona,PF,-9.8,-139.0333,78.3,81,100,12.68,light rain
16,Tiksi,RU,71.6872,128.8694,16.48,87,97,10.58,overcast clouds
17,Nikolskoye,RU,59.7035,30.7861,41.72,89,64,5.53,broken clouds
18,Florida,US,28.7505,-82.5001,82.38,65,40,3.44,scattered clouds
19,Hongjiang,CN,27.11,109.9956,56.39,84,97,1.28,overcast clouds
20,Naze,JP,28.3667,129.4833,63.52,60,100,11.03,overcast clouds
21,Cape Town,ZA,-33.9258,18.4232,64.9,75,34,4.0,scattered clouds
22,Broome,US,42.2506,-75.833,58.68,55,100,7.99,overcast clouds
23,Port Alfred,ZA,-33.5906,26.891,57.18,93,2,1.99,clear sky
24,Lebu,CL,-37.6167,-73.65,52.61,90,16,14.76,few clouds
25,Ushuaia,AR,-54.8,-68.3,38.3,95,81,5.32,broken clouds
26,Lodja,CD,-3.4833,23.4333,66.4,98,100,1.66,overcast clouds
27,Auki,SB,-8.7676,160.7034,80.04,85,100,4.0,overcast clouds
28,Cangzhou,CN,38.3167,116.8667,59.13,44,5,5.17,clear sky
29,Valparaiso,CL,-33.0393,-71.6273,61.03,67,0,11.5,clear sky
30,Sola,VU,-13.8833,167.55,82.11,73,100,4.47,overcast clouds
31,Tautira,PF,-17.7333,-149.15,79.43,74,34,7.65,light rain
32,Ancud,CL,-41.8697,-73.8203,50.63,92,46,4.83,scattered clouds
33,Miri,MY,4.4148,114.0089,76.6,88,95,5.03,light rain
34,Salvador,SV,13.8333,-88.9167,82.06,61,100,6.55,overcast clouds
35,Yarmouth,US,41.7057,-70.2286,57.67,69,0,4.61,clear sky
36,New Norfolk,AU,-42.7826,147.0587,61.92,73,83,1.01,light rain
37,Coquimbo,CL,-29.9533,-71.3436,58.84,77,0,6.51,clear sky
38,Upernavik,GL,72.7868,-56.1549,3.58,86,59,2.95,broken clouds
39,Marondera,ZW,-18.1853,31.5519,52.63,88,93,11.36,overcast clouds
40,Avarua,CK,-21.2078,-159.775,82.45,74,96,5.75,overcast clouds
41,Vaini,TO,-21.2,-175.2,79.97,83,100,15.7,overcast clouds
42,Ornskoldsvik,SE,63.2909,18.7153,43.75,65,75,5.75,broken clouds
43,Eisenerz,AT,47.5333,14.8833,49.08,83,100,1.54,overcast clouds
44,Tecoanapa,MX,16.5167,-98.75,84.92,52,98,8.43,overcast clouds
45,Nchelenge,ZM,-9.3451,28.734,69.78,78,99,4.94,light rain
46,Luderitz,NA,-26.6481,15.1594,71.51,29,0,8.86,clear sky
47,Aswan,EG,24.0934,32.907,81.41,19,3,8.16,clear sky
48,Yellowknife,CA,62.456,-114.3525,42.57,48,7,15.01,clear sky
49,Ayan,RU,56.45,138.1667,30.69,89,33,3.91,scattered clouds
50,Saint George,US,37.1041,-113.5841,78.26,15,0,25.32,clear sky
51,Rio Grande,BR,-32.035,-52.0986,54.95,78,0,9.8,clear sky
52,Hargeysa,SO,9.56,44.065,68.74,66,100,9.86,overcast clouds
53,Eureka,US,40.8021,-124.1637,71.67,70,1,7.0,clear sky
54,Dedza,MW,-14.3779,34.3332,49.46,92,0,3.76,clear sky
55,Asau,RO,46.4333,26.4,45.52,100,69,2.46,broken clouds
56,Papara,BR,-3.9839,-38.7273,81.0,90,56,2.84,broken clouds
57,Hasaki,JP,35.7333,140.8333,54.28,57,100,18.68,overcast clouds
58,Samarai,PG,-10.6167,150.6667,81.97,77,46,8.79,scattered clouds
59,Dali,CN,25.7,100.1833,48.15,90,100,4.79,overcast clouds
60,Limoges,FR,45.75,1.3333,52.36,62,0,8.05,clear sky
61,Lorengau,PG,-2.0226,147.2712,82.0,80,89,3.47,overcast clouds
62,Dikson,RU,73.5069,80.5464,6.22,97,99,10.85,overcast clouds
63,Arraial Do Cabo,BR,-22.9661,-42.0278,77.54,79,7,6.62,clear sky
64,Kruisfontein,ZA,-34.0033,24.7314,49.89,90,0,4.54,clear sky
65,Mayo,US,38.8876,-76.5119,60.98,90,75,0.0,broken clouds
66,Hobart,AU,-42.8794,147.3294,62.26,73,75,3.0,broken clouds
67,Goderich,CA,43.7501,-81.7165,48.45,98,100,12.53,overcast clouds
68,Sungurlu,TR,40.1675,34.3739,49.44,86,99,3.53,overcast clouds
69,Bolitoc,PH,15.7395,119.8769,81.39,75,59,4.85,broken clouds
70,Portland,US,45.5234,-122.6762,68.9,53,98,3.0,overcast clouds
71,Salaga,GH,8.5508,-0.5188,83.8,58,82,6.26,broken clouds
72,Cabo San Lucas,MX,22.8909,-109.9124,87.62,55,31,13.0,scattered clouds
73,Saskylakh,RU,71.9167,114.0833,11.98,92,51,5.93,broken clouds
74,Kununurra,AU,-15.7667,128.7333,82.38,44,28,8.05,scattered clouds
75,Souillac,MU,-20.5167,57.5167,71.98,94,20,1.14,few clouds
76,Qaanaaq,GL,77.484,-69.3632,8.35,75,19,5.48,few clouds
77,Celestun,MX,20.8667,-90.4,81.18,73,50,14.74,scattered clouds
78,Hilo,US,19.7297,-155.09,81.28,83,75,12.66,broken clouds
79,Killarney,IE,52.05,-9.5167,50.16,95,100,2.21,overcast clouds
80,Suffolk,US,40.8668,-72.7996,59.86,62,0,8.05,clear sky
81,Los Banos,PH,14.1667,121.1833,82.8,79,100,5.3,overcast clouds
82,Kapaa,US,22.0752,-159.319,82.38,79,40,18.41,scattered clouds
83,Geraldton,AU,-28.7667,114.6,48.61,87,0,5.75,clear sky
84,Borazjan,IR,29.2666,51.2159,79.05,45,0,3.44,clear sky
85,Ribeira Grande,PT,38.5167,-28.7,62.69,82,23,3.36,few clouds
86,Khatanga,RU,71.9667,102.5,12.88,91,81,8.28,broken clouds
87,Araouane,ML,18.9048,-3.5265,80.96,14,0,10.54,clear sky
88,Brignoles,FR,43.4,6.0667,54.61,64,41,0.38,scattered clouds
89,Kodiak,US,57.79,-152.4072,44.11,76,75,19.57,broken clouds
90,East London,ZA,-33.0153,27.9116,61.52,79,0,7.92,clear sky
91,Avera,US,33.194,-82.5271,82.45,59,91,8.84,overcast clouds
92,Neryungri,RU,56.6709,124.6491,28.31,96,100,1.39,snow
93,Provideniya,RU,64.3833,-173.3,29.05,62,17,12.5,few clouds
94,Yanam,IN,16.7333,82.2167,78.69,97,34,2.64,scattered clouds
95,Seoul,KR,37.5683,126.9778,53.04,46,0,4.47,clear sky
96,Mahajanga,MG,-15.7167,46.3167,79.23,62,49,9.01,scattered clouds
97,Lavrentiya,RU,65.5833,-171.0,18.95,74,22,12.1,few clouds
98,Middelkerke,BE,51.1558,2.8418,51.1,84,0,6.91,clear sky
99,Tasiilaq,GL,65.6145,-37.6368,26.76,57,89,5.86,overcast clouds
100,Kemin,KG,42.7846,75.6892,61.02,41,80,8.81,broken clouds
101,Thompson,CA,55.7435,-97.8558,28.29,88,100,11.34,overcast clouds
102,Huarmey,PE,-10.0681,-78.1522,67.59,83,71,7.65,broken clouds
103,Rong Kwang,TH,18.339,100.3174,72.93,91,48,2.84,scattered clouds
104,Santa Cruz,BO,-17.8,-63.1667,76.73,58,3,6.4,clear sky
105,Urumqi,CN,43.801,87.6005,68.95,12,0,29.08,clear sky
106,Hofn,IS,64.2539,-15.2082,35.2,58,100,13.49,overcast clouds
107,Esmeralda,CU,21.8525,-78.1169,79.32,67,21,13.29,few clouds
108,Katsuura,JP,35.1333,140.3,56.37,71,100,12.37,overcast clouds
109,Nioro,GM,13.35,-15.75,84.31,31,43,7.0,scattered clouds
110,Hammerfest,NO,70.6634,23.6821,27.05,80,40,9.22,scattered clouds
111,Arman,RU,59.7,150.1667,43.02,77,42,3.89,scattered clouds
112,Bairiki,KI,1.3292,172.9752,80.67,81,80,12.97,light rain
113,Carnarvon,AU,-24.8667,113.6333,73.53,53,0,10.45,clear sky
114,Iralaya,HN,15.0,-83.2333,82.22,77,70,10.63,broken clouds
115,Saldanha,ZA,-33.0117,17.9442,58.8,82,0,7.63,clear sky
116,Esperance,AU,-33.8667,121.9,59.29,67,1,7.0,clear sky
117,Saint-Louis,SN,16.3333,-15.0,81.32,24,10,11.81,clear sky
118,Jacqueville,CI,5.2052,-4.4146,82.13,83,46,10.92,scattered clouds
119,Manicore,BR,-5.8092,-61.3003,74.93,97,66,0.72,broken clouds
120,Jamestown,US,42.097,-79.2353,56.95,93,100,10.36,overcast clouds
121,Poum,NC,-20.2333,164.0167,78.53,77,10,3.51,clear sky
122,Albany,US,42.6001,-73.9662,66.61,62,100,3.42,overcast clouds
123,Georgetown,MY,5.4112,100.3354,76.93,88,40,5.75,scattered clouds
124,Cidreira,BR,-30.1811,-50.2056,64.99,72,100,7.67,overcast clouds
125,Bandarbeyla,SO,9.4942,50.8122,83.08,80,39,9.55,scattered clouds
126,Guatire,VE,10.4762,-66.5427,75.06,79,14,3.74,few clouds
127,Aklavik,CA,68.2191,-135.0107,39.25,83,61,14.81,broken clouds
128,Victoria Point,AU,-27.5833,153.3,74.68,74,78,7.0,broken clouds
129,Yerbogachen,RU,61.2767,108.0108,25.61,69,8,3.58,clear sky
130,Clyde River,CA,70.4692,-68.5914,10.63,85,100,14.97,light snow
131,Cozumel,MX,20.5083,-86.9458,83.95,77,22,10.0,few clouds
132,Camara De Lobos,PT,32.6333,-16.9667,65.71,81,20,11.5,few clouds
133,Grindavik,IS,63.8424,-22.4338,39.67,81,0,5.75,clear sky
134,Lagoa,PT,39.05,-27.9833,61.3,81,9,2.68,clear sky
135,San Cristobal,VE,7.7669,-72.225,70.02,87,69,3.89,broken clouds
136,Guanare,VE,9.0418,-69.7421,77.14,82,99,3.22,overcast clouds
137,Vila Franca Do Campo,PT,37.7167,-25.4333,66.2,91,35,3.0,scattered clouds
138,Kahului,US,20.8947,-156.47,74.84,90,75,10.0,broken clouds
139,Bluff,NZ,-46.6,168.3333,57.79,82,25,12.66,scattered clouds
140,Puerto Ayora,EC,-0.7393,-90.3518,74.48,82,56,6.44,broken clouds
141,Diu,IN,20.7141,70.9822,81.21,90,0,12.57,clear sky
142,Ialibu,PG,-6.2821,143.9935,64.44,82,68,1.9,broken clouds
143,Ballina,AU,-28.8667,153.5667,68.02,92,45,10.58,scattered clouds
144,Marshalltown,US,42.0494,-92.908,50.38,76,100,17.27,overcast clouds
145,Malpe,IN,13.35,74.7167,81.7,76,98,1.9,overcast clouds
146,Porto Walter,BR,-8.2686,-72.7439,78.21,80,86,1.19,overcast clouds
147,Kibre Mengist,ET,5.8833,38.9833,57.96,98,100,2.42,overcast clouds
148,Marsabit,KE,2.3284,37.9899,63.73,90,99,10.09,light rain
149,Turukhansk,RU,65.8167,87.9833,22.17,92,64,10.74,broken clouds
150,Caborca,MX,30.5838,-111.101,87.39,11,0,20.65,clear sky
151,Saint-Philippe,RE,-21.3585,55.7679,73.22,85,3,3.4,clear sky
152,Matadi,CD,-5.8167,13.45,78.13,94,100,1.72,overcast clouds
153,Shimoda,JP,34.6667,138.95,59.11,77,100,9.64,overcast clouds
154,Sosnovoborsk,RU,56.1325,93.3589,45.82,88,100,13.24,overcast clouds
155,Faanui,PF,-16.4833,-151.75,81.21,72,17,9.37,few clouds
156,San Juan,AR,-31.5375,-68.5364,61.25,44,1,8.97,clear sky
157,Ust-Nera,RU,64.5667,143.2,34.43,86,50,3.44,scattered clouds
158,Filadelfia,US,39.9523,-75.1638,61.48,72,100,3.0,overcast clouds
159,Padang,ID,-0.9492,100.3543,75.25,87,100,3.85,moderate rain
160,Thinadhoo,MV,0.5333,72.9333,85.03,74,94,17.49,overcast clouds
161,Abu Samrah,SY,35.3029,37.1841,59.0,79,0,9.57,clear sky
162,Iaciara,BR,-14.0958,-46.6317,73.87,47,26,2.75,scattered clouds
163,Laguna,US,38.421,-121.4238,84.49,19,0,14.97,clear sky
164,Barcelos,PT,41.5388,-8.6151,57.34,94,3,4.36,clear sky
165,Ponorogo,ID,-7.8685,111.462,75.99,92,79,1.99,broken clouds
166,Komarikhinskiy,RU,58.0979,57.1163,28.09,83,9,4.29,clear sky
167,Petropavlovsk-Kamchatskiy,RU,53.0452,158.6483,41.59,52,20,15.66,few clouds
168,Jalu,LY,29.0331,21.5482,90.81,18,99,23.17,overcast clouds
169,Talnakh,RU,69.4865,88.3972,20.21,96,100,6.04,light snow
170,Kawalu,ID,-7.3817,108.2082,72.18,96,79,2.06,broken clouds
171,Evansville,US,37.9748,-87.5558,66.6,61,0,11.61,clear sky
172,Northam,GB,51.0333,-4.2167,49.6,96,100,1.41,overcast clouds
173,Iqaluit,CA,63.7506,-68.5145,27.7,79,100,5.01,overcast clouds
174,Nantucket,US,41.2835,-70.0995,54.01,76,0,7.87,clear sky
175,Mayor Pablo Lagerenza,PY,-19.9309,-60.7718,81.3,36,4,4.7,clear sky
176,Linjiang,CN,41.8069,126.9078,42.19,62,29,1.61,scattered clouds
177,Kushima,JP,31.4583,131.2333,59.5,70,100,4.68,overcast clouds
178,Alofi,NU,-19.0595,-169.9187,81.09,79,100,13.09,light rain
179,Tuktoyaktuk,CA,69.4541,-133.0374,33.6,99,100,11.32,overcast clouds
180,Ternate,ID,0.8,127.4,83.48,73,33,4.54,scattered clouds
181,Senekal,ZA,-28.3197,27.6208,53.08,46,0,3.69,clear sky
182,North Bend,US,43.4065,-124.2243,68.23,86,100,5.93,overcast clouds
183,Cervo,ES,43.6702,-7.4101,54.97,78,100,3.22,overcast clouds
184,Victoria,HK,22.2855,114.1577,64.26,93,100,5.01,light rain
185,Airai,TL,-8.9266,125.4092,63.79,72,70,3.85,broken clouds
186,Sur,OM,22.5667,59.5289,82.13,63,0,8.3,clear sky
187,Fairbanks,US,64.8378,-147.7164,54.09,33,100,4.61,overcast clouds
188,Asasa,ET,7.1,39.2,54.82,77,86,1.83,overcast clouds
189,Udachnyy,RU,66.4167,112.4,21.45,44,20,6.24,few clouds
190,Pailon,BO,-17.65,-62.75,76.89,53,3,5.08,clear sky
191,Shahdol,IN,23.2833,81.35,82.27,23,7,4.7,clear sky
192,Norman Wells,CA,65.282,-126.8329,52.7,57,85,14.03,overcast clouds
193,Comodoro Rivadavia,AR,-45.8667,-67.5,48.6,77,99,1.81,overcast clouds
194,Willow Grove,US,40.144,-75.1157,60.6,76,40,3.44,scattered clouds
195,Novopskov,UA,49.5464,39.0899,41.02,58,8,5.03,clear sky
196,Half Moon Bay,US,37.4636,-122.4286,81.54,56,0,24.16,clear sky
197,Waipawa,NZ,-41.4122,175.5153,62.28,68,100,12.8,overcast clouds
198,Port Elizabeth,ZA,-33.918,25.5701,55.31,92,1,5.75,clear sky
199,Pozo Colorado,PY,-23.4923,-58.7972,77.52,65,94,4.43,overcast clouds
200,Ulladulla,AU,-35.35,150.4667,61.99,58,8,2.15,clear sky
201,Malartic,CA,48.1335,-78.1328,54.93,56,99,9.28,overcast clouds
202,Pangnirtung,CA,66.1451,-65.7125,28.69,97,100,5.59,light snow
203,Milton,US,34.1322,-84.3007,80.83,60,56,1.99,broken clouds
204,Boa Vista,BR,2.8197,-60.6733,84.18,51,40,6.91,scattered clouds
205,Bereda,ES,43.2686,-7.5406,51.58,95,99,2.93,overcast clouds
206,Barrow,US,71.2906,-156.7887,19.42,93,100,16.11,overcast clouds
207,Acapulco,MX,16.8634,-99.8901,85.42,49,86,8.9,overcast clouds
208,Port Lincoln,AU,-34.7333,135.8667,59.79,85,0,9.62,clear sky
209,Lompoc,US,34.6391,-120.4579,75.85,67,0,31.0,clear sky
210,Sao Miguel Do Araguaia,BR,-13.275,-50.1628,77.22,55,14,1.5,few clouds
211,Chapais,CA,49.7834,-74.8492,46.87,87,70,5.48,broken clouds
212,Arlit,NE,18.7369,7.3853,85.44,11,1,10.09,clear sky
213,Derzhavinsk,KZ,51.1,66.3167,45.99,80,18,9.15,few clouds
214,Tazmalt,DZ,36.3868,4.3989,58.86,76,2,1.83,clear sky
215,Mitsamiouli,KM,-11.3847,43.2844,80.96,72,11,12.06,few clouds
216,Vao,NC,-22.6667,167.4833,75.78,87,42,20.51,scattered clouds
217,Wadi Maliz,TN,36.4681,8.5495,53.49,89,10,5.61,clear sky
218,Stephenville,US,32.2207,-98.2023,82.53,53,0,10.36,clear sky
219,Nanortalik,GL,60.1432,-45.2371,37.42,85,100,4.0,overcast clouds
220,Tuatapere,NZ,-46.1333,167.6833,56.14,83,12,7.45,few clouds
221,Yurla,RU,59.3259,54.3223,25.63,90,30,4.47,scattered clouds
222,Touros,BR,-5.1989,-35.4608,79.99,81,94,11.74,overcast clouds
223,Hambantota,LK,6.1241,81.1185,80.82,82,95,15.77,overcast clouds
224,Waldheim,DE,51.0667,13.0167,50.49,92,78,5.19,broken clouds
225,Mar Del Plata,AR,-38.0023,-57.5575,53.87,77,100,18.01,overcast clouds
226,Joshimath,IN,30.5667,79.5667,58.59,44,27,5.46,scattered clouds
227,Bima,ID,-8.4667,118.7167,78.44,92,48,2.93,scattered clouds
228,Cadereyta,MX,25.5833,-99.9833,90.59,34,74,21.23,broken clouds
229,Mocuba,MZ,-16.8392,36.9856,64.22,98,11,3.04,few clouds
230,Maragogi,BR,-9.0122,-35.2225,77.27,86,72,7.49,broken clouds
231,Chuy,UY,-33.6971,-53.4616,52.7,77,0,8.19,clear sky
232,Great Yarmouth,GB,52.6083,1.7305,53.85,82,100,5.61,overcast clouds
233,Srednekolymsk,RU,67.45,153.6833,32.49,100,100,3.09,overcast clouds
234,Tutoia,BR,-2.7619,-42.2744,77.95,89,89,6.82,light rain
235,Grand Gaube,MU,-20.0064,57.6608,74.37,81,4,7.56,clear sky
236,Pontes E Lacerda,BR,-15.2261,-59.3353,76.86,61,84,0.87,broken clouds
237,Cabcab,PH,13.6268,124.0515,80.67,75,91,4.23,overcast clouds
238,Bamora,IN,24.0552,78.0909,89.04,21,34,9.82,scattered clouds
239,Kampot,KH,10.6167,104.1833,78.85,87,100,3.8,overcast clouds
240,Nhulunbuy,AU,-12.2333,136.7667,84.81,70,40,10.36,scattered clouds
241,Bambous Virieux,MU,-20.3428,57.7575,74.21,94,20,1.14,few clouds
242,Sandnessjoen,NO,66.0217,12.6316,42.66,94,100,10.0,moderate rain
243,Chokurdakh,RU,70.6333,147.9167,26.6,92,68,11.21,broken clouds
244,Bilma,NE,18.6853,12.9164,92.21,11,49,7.92,scattered clouds
245,Kysyl-Syr,RU,63.8986,122.7617,19.69,82,100,17.22,overcast clouds
246,Berlevag,NO,70.8578,29.0864,21.2,71,89,7.94,overcast clouds
247,Oro Valley,US,32.3909,-110.9665,94.08,6,0,11.01,clear sky
248,Waddan,LY,29.1614,16.139,63.59,58,0,22.57,clear sky
249,Severo-Kurilsk,RU,50.6789,156.125,35.51,87,80,9.26,broken clouds
250,Vila Velha,BR,-20.3297,-40.2925,79.95,70,12,8.01,few clouds
251,Harnosand,SE,62.6323,17.9379,41.02,71,100,6.51,overcast clouds
252,Cherskiy,RU,68.75,161.3,26.94,84,16,11.77,few clouds
253,Fortuna,US,40.5982,-124.1573,62.92,72,0,16.11,clear sky
254,Sangar,RU,63.9242,127.4739,34.65,85,100,17.83,light snow
255,Itapora,BR,-22.0799,-54.7874,78.96,46,70,3.98,broken clouds
256,Puerto El Triunfo,SV,13.2833,-88.55,84.76,68,88,7.02,overcast clouds
257,Mende,FR,44.6667,3.5,36.9,88,87,3.85,overcast clouds
258,Aykhal,RU,66.0,111.5,15.55,84,17,9.75,few clouds
259,Pandan,PH,14.0453,124.1694,79.56,82,79,5.35,broken clouds
260,Baruun-Urt,MN,46.6806,113.2792,50.5,55,57,9.1,broken clouds
261,Chuguyevka,RU,44.1653,133.8633,37.6,98,100,3.15,overcast clouds
262,Nizwa,OM,22.9333,57.5333,79.38,25,0,5.61,clear sky
263,Marsa Matruh,EG,31.3525,27.2453,65.28,76,97,14.27,overcast clouds
264,Rockhampton,AU,-23.3833,150.5,73.29,68,92,8.05,overcast clouds
265,Miami,US,25.7743,-80.1937,80.02,67,7,4.0,clear sky
266,Sukabumi,ID,-6.9181,106.9267,70.29,94,95,1.1,overcast clouds
267,Ust-Kut,RU,56.7938,105.7672,34.7,88,100,5.7,overcast clouds
268,Ryotsu,JP,38.0833,138.4333,51.24,65,32,3.8,scattered clouds
269,San Luis,AR,-33.295,-66.3356,55.38,34,7,15.7,clear sky
270,Chabahar,IR,25.2919,60.643,82.22,68,0,15.95,clear sky
271,Iskateley,RU,67.6803,53.1512,11.95,96,87,8.86,overcast clouds
272,Mecca,SA,21.4267,39.8261,81.95,67,1,2.04,clear sky
273,Taber,CA,49.8167,-112.1518,58.05,41,100,12.75,overcast clouds
274,Gornopravdinsk,RU,60.05,69.9,33.96,73,99,4.65,overcast clouds
275,Leningradskiy,RU,69.3833,178.4167,16.48,75,45,8.68,scattered clouds
276,La Orilla,MX,17.9833,-102.2333,84.18,45,51,10.04,broken clouds
277,La Ronge,CA,55.1001,-105.2842,34.32,79,100,5.46,overcast clouds
278,Camacupa,AO,-12.0167,17.4833,58.28,68,31,2.68,scattered clouds
279,Byron Bay,AU,-28.65,153.6167,67.95,65,29,10.94,scattered clouds
280,Zhaoyuan,CN,37.3592,120.3964,57.45,30,30,6.49,scattered clouds
281,Filingue,NE,14.3521,3.3168,89.8,11,6,8.9,clear sky
282,Sibu,MY,2.3,111.8167,74.64,97,98,2.1,overcast clouds
283,Gazanjyk,TM,39.2446,55.5154,63.99,74,100,11.88,light rain
284,Kepno,PL,51.2784,17.9891,48.4,71,47,1.68,scattered clouds
285,Smithers,CA,54.7804,-127.1743,50.2,61,100,5.7,overcast clouds
286,Road Town,VG,18.4167,-64.6167,78.89,94,20,8.05,few clouds
287,Conceicao Do Araguaia,BR,-8.2578,-49.2647,77.99,65,12,2.8,few clouds
288,Sept-Iles,CA,50.2001,-66.3821,42.06,76,48,1.99,scattered clouds
289,Guerrero Negro,MX,27.9769,-114.0611,67.8,59,0,17.74,clear sky
290,Isangel,VU,-19.55,169.2667,79.83,87,95,8.75,overcast clouds
291,Opuwo,NA,-18.0607,13.84,71.58,39,42,5.17,scattered clouds
292,Chachapoyas,PE,-6.2317,-77.869,55.8,94,67,1.19,light rain
293,Mount Gambier,AU,-37.8333,140.7667,57.11,100,100,14.97,overcast clouds
294,Bayan,CN,46.0833,127.4,44.69,63,36,5.97,scattered clouds
295,Horn,DE,51.8715,8.9451,46.29,82,100,3.31,overcast clouds
296,Bengkulu,ID,-3.8004,102.2655,75.76,88,95,4.61,overcast clouds
297,Castro,BR,-24.7911,-50.0119,62.91,88,55,2.37,broken clouds
298,Krasnoselkup,RU,65.7,82.4667,17.37,90,71,9.53,broken clouds
299,Kidal,ML,18.4411,1.4078,83.98,11,46,9.78,scattered clouds
300,Ilulissat,GL,69.2167,-51.1,24.82,54,42,1.14,scattered clouds
301,Tabou,CI,4.423,-7.3528,81.01,81,52,7.43,broken clouds
302,Broken Hill,AU,-31.95,141.4333,59.34,52,0,2.75,clear sky
303,Longyearbyen,SJ,78.2186,15.6401,12.04,67,75,3.44,light snow
304,La Peca,PE,-5.6111,-78.435,73.11,78,69,4.5,light rain
305,Beloha,MG,-25.1667,45.05,65.7,83,2,3.56,clear sky
306,Borgarnes,IS,64.5383,-21.9206,30.81,60,96,12.33,overcast clouds
307,Corpus Christi,US,27.8006,-97.3964,86.22,73,100,24.16,overcast clouds
308,Missoula,US,47.0166,-113.8009,52.2,51,95,2.06,overcast clouds
309,Sao Raimundo Das Mangabeiras,BR,-7.0219,-45.4811,79.05,58,21,3.15,few clouds
310,Rorvik,NO,64.8621,11.2373,44.06,91,100,39.15,overcast clouds
311,Takanosu,JP,40.2219,140.3694,48.42,64,7,8.99,clear sky
312,Villa Alemana,CL,-33.0422,-71.3733,56.93,67,0,6.91,clear sky
313,General Roca,AR,-39.0333,-67.5833,54.63,48,100,7.74,overcast clouds
314,Gold Coast,AU,-28.0,153.4333,73.99,81,52,10.36,broken clouds
315,Murgab,TM,37.4966,61.9714,70.14,48,55,17.6,broken clouds
316,Maniitsoq,GL,65.4167,-52.9,27.23,77,88,9.86,overcast clouds
317,Muros,ES,42.7762,-9.0603,51.98,86,15,5.59,few clouds
318,Alta Floresta,BR,-9.8756,-56.0861,76.32,81,39,2.75,scattered clouds
319,Mmathubudukwane,BW,-24.6,26.4333,66.61,56,74,7.78,broken clouds
320,Denpasar,ID,-8.65,115.2167,80.26,88,20,6.91,few clouds
321,Pasaco,GT,13.9772,-90.2064,85.6,63,100,7.85,overcast clouds
322,Sillod,IN,20.3,75.65,82.35,35,15,10.71,few clouds
323,Great Falls,US,47.5002,-111.3008,53.17,58,100,9.22,overcast clouds
324,Pilar,BR,-9.5972,-35.9567,75.13,87,48,3.11,scattered clouds
325,Sitka,US,57.0531,-135.33,46.29,76,100,18.41,light rain
326,Dunedin,NZ,-45.8742,170.5036,62.8,64,8,4.0,clear sky
327,Tazovskiy,RU,67.4667,78.7,7.12,98,85,6.51,overcast clouds
328,Youghal,IE,51.95,-7.8506,51.1,100,100,4.18,overcast clouds
329,Masterton,NZ,-40.9597,175.6575,62.89,71,100,4.32,light rain
330,Urengoy,RU,65.9667,78.3667,24.93,97,100,3.94,overcast clouds
331,Rio Gallegos,AR,-51.6226,-69.2181,44.22,84,88,6.58,overcast clouds
332,Dukat,RU,62.55,155.55,26.8,89,86,5.97,overcast clouds
333,Koungou,YT,-12.7336,45.2042,80.31,78,20,14.97,few clouds
334,Havoysund,NO,70.9963,24.6622,28.63,78,91,22.88,overcast clouds
335,Cabaiguan,CU,22.0789,-79.4992,78.94,64,49,13.69,scattered clouds
336,Nevers,FR,46.9167,3.3333,47.71,71,79,3.91,broken clouds
337,Gizo,SB,-8.103,156.8419,83.73,71,26,4.41,scattered clouds
338,Puerto Colombia,CO,10.9878,-74.9547,82.71,82,100,6.2,overcast clouds
339,Myrtle Grove,US,30.421,-87.3075,83.05,79,40,12.66,scattered clouds
340,Concarneau,FR,47.875,-3.9225,54.39,88,100,9.69,overcast clouds
341,Pangoa,PE,-12.1167,-73.0,72.57,84,54,1.83,broken clouds
342,Tarkwa,GH,5.3064,-1.9847,76.41,94,75,2.1,broken clouds
343,Walvis Bay,NA,-22.9575,14.5053,64.4,59,0,4.41,clear sky
344,Basay,PH,9.4087,122.64,81.12,78,99,5.37,overcast clouds
345,Plavsk,RU,53.7094,37.2919,40.46,70,99,7.16,overcast clouds
346,Bilibino,RU,68.0546,166.4372,19.72,58,37,2.33,scattered clouds
347,Umm Lajj,SA,25.0213,37.2685,78.8,51,1,9.26,clear sky
348,Port Augusta,AU,-32.5,137.7667,61.81,51,0,1.48,clear sky
349,Dharan,NP,26.8125,87.2835,72.25,72,24,5.5,few clouds
350,Santa Rosa De Aguan,HN,15.95,-85.7167,84.22,80,62,16.37,broken clouds
351,Kavieng,PG,-2.5744,150.7967,84.31,72,28,10.2,scattered clouds
352,Vanderhoof,CA,54.0166,-124.0198,56.66,44,100,5.93,overcast clouds
353,Fomboni,KM,-12.28,43.7425,81.79,70,93,21.39,overcast clouds
354,Hatillo,PR,18.4863,-66.8254,79.39,95,100,4.0,overcast clouds
355,Dingle,PH,10.9995,122.6711,80.1,80,100,5.77,overcast clouds
356,Del Rio,US,29.3627,-100.8968,87.1,47,98,19.95,overcast clouds
357,Znamenskoye,RU,57.1281,73.8282,33.31,97,100,3.49,overcast clouds
358,Paamiut,GL,61.994,-49.6678,32.31,90,65,6.58,broken clouds
359,Sungaipenuh,ID,-2.0833,101.3833,65.19,96,100,0.96,moderate rain
360,Ewo,CG,-0.8725,14.8206,75.02,82,98,4.32,light rain
361,Cockburn Town,TC,21.4612,-71.1419,76.96,78,75,17.27,broken clouds
362,Taksimo,RU,56.3444,114.8794,36.95,82,95,2.86,light rain
363,Luanda,AO,-8.8368,13.2343,78.8,89,40,3.44,scattered clouds
364,Popondetta,PG,-8.7537,148.2534,80.02,88,71,0.47,broken clouds
365,Caninde,BR,-4.3589,-39.3117,74.97,83,69,2.13,broken clouds
366,Teya,RU,60.3778,92.6267,30.9,73,100,9.8,overcast clouds
367,Camacha,PT,33.0833,-16.3333,60.22,77,75,11.5,broken clouds
368,Limbang,MY,4.75,115.0,77.11,89,99,1.88,overcast clouds
369,Sabzevar,IR,36.2126,57.6819,63.1,66,84,1.81,broken clouds
370,Zhanaozen,KZ,43.3,52.8,64.92,47,6,21.3,clear sky
371,Cascais,PT,38.6979,-9.4215,59.94,68,27,24.0,scattered clouds
372,Kharovsk,RU,59.9642,40.1912,27.52,94,52,3.06,broken clouds
373,Puerto Escondido,MX,15.85,-97.0667,86.36,61,92,4.94,overcast clouds
374,Claveria,PH,18.6074,121.0832,79.25,86,98,7.14,overcast clouds
375,Kyra,RU,49.5776,111.9753,51.03,57,88,3.58,overcast clouds
376,Pevek,RU,69.7008,170.3133,15.89,70,96,7.45,overcast clouds
377,Vanimo,PG,-2.6741,141.3028,79.95,88,98,6.33,overcast clouds
378,Port Macquarie,AU,-31.4333,152.9167,67.89,68,91,2.95,overcast clouds
379,Sebring,US,27.4956,-81.4409,82.35,61,0,10.36,clear sky
380,Mehamn,NO,71.0357,27.8492,21.15,79,75,5.75,broken clouds
381,Santa Isabel Do Rio Negro,BR,-0.4139,-65.0192,75.94,90,58,1.61,broken clouds
382,Bathsheba,BB,13.2167,-59.5167,79.5,75,27,12.75,scattered clouds
383,Biloela,AU,-24.4167,150.5,72.39,68,98,13.09,overcast clouds
384,Rayon,MX,19.1444,-99.5836,76.1,29,90,7.61,overcast clouds
385,Omboue,GA,-1.5746,9.2618,79.03,88,93,5.14,overcast clouds
386,Chara,RU,56.9064,118.2631,39.96,67,35,7.11,scattered clouds
387,Moskovskiy,RU,55.5991,37.355,46.38,53,0,4.47,clear sky
388,Rongcheng,CN,30.634,117.8517,57.81,82,90,3.44,overcast clouds
389,Talavera De La Reina,ES,39.9635,-4.8308,56.71,60,68,6.06,broken clouds
390,Nishihara,JP,26.1842,127.7558,63.68,82,75,10.36,light rain
391,Salta,AR,-24.7859,-65.4117,57.79,82,100,4.61,overcast clouds
392,Marystown,CA,47.1666,-55.1483,38.8,92,100,7.99,overcast clouds
393,Cap Malheureux,MU,-19.9842,57.6142,74.46,81,3,7.85,clear sky
394,Diapaga,BF,12.0708,1.7889,90.55,28,29,2.64,scattered clouds
395,Vostok,RU,46.4856,135.8833,36.79,69,98,4.32,overcast clouds
396,Jiuquan,CN,39.7432,98.5174,47.77,18,1,6.82,clear sky
397,Storsteinnes,NO,69.2408,19.2344,32.65,98,100,3.09,snow
398,Shakawe,BW,-18.3667,21.85,69.93,37,82,5.7,broken clouds
399,Woodward,US,36.4337,-99.3904,79.83,28,0,20.71,clear sky
400,Sembe,CG,1.6481,14.5806,72.66,89,90,2.62,overcast clouds
401,Tolaga Bay,NZ,-38.3667,178.3,64.13,59,11,5.99,few clouds
402,Umba,RU,66.6871,34.3429,28.67,94,96,6.04,overcast clouds
403,Husavik,IS,66.0449,-17.3389,27.79,76,100,9.91,overcast clouds
404,Benito Juarez,MX,19.385,-99.165,78.01,33,85,11.01,overcast clouds
405,Mitu,CO,1.1983,-70.1733,74.53,89,69,0.98,broken clouds
406,Sao Filipe,CV,14.8961,-24.4956,72.41,76,0,7.18,clear sky
407,Cartagena,CO,10.3997,-75.5144,82.36,81,100,6.42,overcast clouds
408,San Vicente,AR,-26.6167,-54.1333,62.89,99,15,2.19,few clouds
409,Tokmak,UA,47.2514,35.7058,47.01,65,31,6.96,scattered clouds
410,Porto Novo,BJ,6.4965,2.6036,81.03,82,100,4.92,light rain
411,Sobolevo,RU,54.4299,31.8996,40.21,75,93,5.01,overcast clouds
412,Vestmannaeyjar,IS,63.4427,-20.2734,45.05,61,100,6.42,overcast clouds
413,Sanary-Sur-Mer,FR,43.1178,5.8001,57.52,73,21,2.77,few clouds
414,Kaduna,NG,10.5222,7.4383,77.4,59,99,4.41,overcast clouds
415,Ahipara,NZ,-35.1667,173.1667,66.99,65,97,7.99,overcast clouds
416,Nemuro,JP,43.3236,145.575,40.46,95,100,28.32,light rain
417,Gouyave,GD,12.1646,-61.7296,79.05,78,27,17.18,scattered clouds
418,Palmer,US,42.1584,-72.3287,66.61,28,20,6.91,few clouds
419,Posse,BR,-14.0931,-46.3694,73.98,45,33,2.21,scattered clouds
420,Torbay,CA,47.6666,-52.7314,43.75,89,100,3.56,overcast clouds
421,Labuhan,ID,-6.8844,112.2051,79.05,84,100,6.93,overcast clouds
422,Leh,IN,34.1667,77.5833,42.48,40,0,5.82,clear sky
423,Ponta Do Sol,PT,32.6667,-17.1,65.71,73,0,4.81,clear sky
424,Price,US,39.5994,-110.8107,58.26,30,100,21.85,overcast clouds
425,San Felipe,VE,10.3399,-68.7425,79.09,70,68,3.76,broken clouds
426,Ust-Koksa,RU,50.2696,85.6108,48.52,47,96,3.04,overcast clouds
427,Ribeira Brava,PT,32.65,-17.0667,65.71,74,0,4.83,clear sky
428,Tungor,RU,53.3808,142.9564,32.16,97,100,6.04,overcast clouds
429,Waitara,NZ,-38.925,174.25,68.49,81,100,7.94,overcast clouds
430,Kribi,CM,2.95,9.9167,79.34,86,100,5.5,light rain
431,Coahuayana,MX,18.7333,-103.6833,86.47,39,71,7.02,broken clouds
432,Katete,UG,-0.7818,29.7544,58.55,95,98,3.47,light rain
433,Darhan,MN,49.4867,105.9228,55.45,34,88,3.4,overcast clouds
434,Sinnamary,GF,5.3833,-52.95,77.68,85,48,12.55,scattered clouds
435,Peniche,PT,39.3558,-9.3811,58.28,82,52,14.83,broken clouds
436,Zhigansk,RU,66.7697,123.3711,15.73,89,85,18.5,overcast clouds
437,Igarka,RU,67.4667,86.5833,22.48,97,100,5.48,overcast clouds
438,Flin Flon,CA,54.7682,-101.865,34.34,82,100,7.02,overcast clouds
439,Maldonado,UY,-34.6667,-54.9167,57.22,81,2,7.07,clear sky
440,Wenling,CN,28.3669,121.36,57.49,85,100,1.36,overcast clouds
441,Santa Fe,AR,-31.6333,-60.7,63.01,55,61,5.01,light rain
442,Oranjestad,AW,12.524,-70.027,79.88,87,100,27.63,overcast clouds
443,Deputatskiy,RU,69.3,139.9,28.17,79,90,2.75,overcast clouds
444,Matara,LK,5.9485,80.5353,78.55,90,94,10.71,overcast clouds
445,Ramnicu Sarat,RO,45.3833,27.05,49.44,62,73,4.5,broken clouds
446,Bethel,US,41.3712,-73.414,64.36,47,100,4.0,overcast clouds
447,Praia,CV,14.9215,-23.5087,70.34,78,20,13.8,few clouds
448,Mackay,AU,-21.15,149.2,76.68,81,43,15.55,scattered clouds
449,Jutai,BR,-5.1833,-68.9,74.52,96,50,1.01,scattered clouds
450,Lewiston,US,44.1003,-70.2148,54.64,65,0,11.5,clear sky
451,Pisco,PE,-13.7,-76.2167,66.02,85,22,2.46,few clouds
452,Jijiga,ET,9.35,42.8,65.44,81,100,5.99,light rain
453,Cedar City,US,37.6775,-113.0619,59.4,44,100,12.66,overcast clouds
454,Havelock,US,34.8791,-76.9013,73.98,79,57,8.01,broken clouds
455,Ust-Maya,RU,60.4167,134.5333,39.79,73,75,11.3,broken clouds
456,Flinders,AU,-34.5833,150.8552,64.38,88,9,4.0,clear sky
457,Santa Cruz De La Palma,ES,28.6835,-17.7642,67.14,77,0,12.66,clear sky
458,Luorong,CN,24.4058,109.6086,56.28,84,23,5.23,few clouds
459,Orlik,RU,52.5178,99.825,40.84,59,76,2.77,broken clouds
460,Hegra,NO,63.4644,11.114,46.31,57,75,16.11,broken clouds
461,Mana,GF,5.6592,-53.7767,77.32,86,90,10.2,overcast clouds
462,Rafsanjan,IR,30.4067,55.9939,68.74,25,10,15.35,clear sky
463,Sibolga,ID,1.7427,98.7792,75.94,88,100,3.69,overcast clouds
464,Alice Springs,AU,-23.7,133.8833,60.35,59,32,2.3,scattered clouds
465,Bubaque,GW,11.2833,-15.8333,77.83,73,29,12.73,scattered clouds
466,La Rioja,ES,42.25,-2.5,46.18,87,76,3.83,broken clouds
467,Port Hedland,AU,-20.3167,118.5667,77.05,61,40,13.8,light rain
468,Hovd,MN,48.0056,91.6419,51.12,21,74,8.68,broken clouds
469,Antofagasta,CL,-23.65,-70.4,60.78,87,25,7.34,scattered clouds
470,Aleksandrovka,UA,46.8383,32.7612,47.93,69,50,6.67,scattered clouds
471,Port Keats,AU,-14.25,129.55,76.39,57,79,10.36,broken clouds
472,Burkburnett,US,34.0979,-98.5706,83.08,33,0,21.85,clear sky
473,Namibe,AO,-15.1961,12.1522,74.57,66,40,7.63,scattered clouds
474,Aanekoski,FI,62.6946,25.818,37.47,66,81,8.77,broken clouds
475,Aurangabad,IN,19.8833,75.3333,80.94,43,1,13.4,clear sky
476,Golden,US,39.7555,-105.2211,60.98,35,100,20.71,overcast clouds
477,Rioja,AR,-29.4111,-66.8507,61.23,60,50,4.9,scattered clouds
478,Sechura,PE,-5.5569,-80.8222,72.93,69,68,16.49,broken clouds
479,Lazaro Cardenas,MX,17.9583,-102.2,84.07,47,55,9.69,broken clouds
480,Riyadh,SA,24.6877,46.7219,80.74,16,49,7.52,scattered clouds
481,Homer,US,59.6425,-151.5483,46.29,72,100,20.71,overcast clouds
482,Smiltene,LV,57.4244,25.9016,33.55,91,99,1.57,overcast clouds
483,Olafsvik,IS,64.8945,-23.7142,33.93,64,18,18.84,few clouds
484,Bay-Khaak,RU,51.1667,94.5,52.81,34,63,3.85,broken clouds
485,Margate,GB,51.3813,1.3862,51.69,70,100,1.01,overcast clouds
486,Yakima,US,46.4665,-120.6678,70.18,40,20,5.75,few clouds
487,Mubi,NG,10.2676,13.2644,84.7,43,69,1.72,light rain
488,Kirakira,SB,-10.4544,161.9205,82.04,80,100,9.26,overcast clouds
489,Yelkhovka,RU,53.8667,50.2832,36.36,58,4,3.6,clear sky
490,Pacifica,US,37.6138,-122.4869,78.44,68,0,24.16,clear sky
491,Zhezkazgan,KZ,47.8043,67.7144,60.26,55,92,6.22,overcast clouds
492,Diez,DE,50.3667,8.0167,51.94,88,99,4.36,overcast clouds
493,Hagersville,CA,42.9668,-80.0497,52.11,98,100,7.81,overcast clouds
494,Brae,GB,60.3964,-1.353,47.16,95,100,6.58,overcast clouds
495,Sarkand,KZ,45.41,79.9186,69.76,24,100,8.99,overcast clouds
496,Xixiang,CN,35.1628,112.865,62.1,29,3,4.65,clear sky
497,Kenai,US,60.5544,-151.2583,50.02,49,75,12.66,broken clouds
498,Wangou,CN,42.0623,126.9127,37.42,65,19,3.0,few clouds
499,Buraydah,SA,26.326,43.975,78.04,15,0,10.69,clear sky
500,Pondicherry,IN,11.93,79.83,84.25,74,100,9.15,overcast clouds
501,Makat,KZ,47.6469,53.3463,52.14,52,44,14.56,scattered clouds
502,San Matias,BO,-16.3667,-58.4,81.36,45,58,5.46,broken clouds
503,Rosarito,MX,32.3333,-117.0333,68.23,68,49,9.71,scattered clouds
504,Guarapari,BR,-20.6667,-40.4975,79.9,85,10,8.59,clear sky
505,Khilok,RU,51.3674,110.4676,53.19,48,89,2.66,overcast clouds
506,San Ramon,US,37.7799,-121.978,82.2,37,0,14.97,clear sky
507,Disraeli,CA,45.9001,-71.3491,48.79,70,35,7.47,scattered clouds
508,Key Largo,US,25.0865,-80.4473,79.0,58,1,13.89,clear sky
509,Westport,US,41.1415,-73.3579,63.63,47,0,10.36,clear sky
510,Karratha,AU,-20.7377,116.8463,79.18,51,100,11.95,overcast clouds
511,Ixtapa,MX,20.7,-105.2,78.03,73,75,16.11,broken clouds
512,Marawi,PH,7.9986,124.2928,72.34,93,99,0.31,overcast clouds
513,Nambiyur,IN,11.3667,77.3333,79.56,64,100,3.56,overcast clouds
514,Kolomak,UA,49.8399,35.3044,43.74,86,9,3.94,clear sky
515,Wageningen,NL,51.9667,5.6667,47.95,86,100,0.0,overcast clouds
516,Wajima,JP,37.4,136.9,52.18,61,5,3.98,clear sky
517,Butzbach,DE,50.4339,8.6712,52.81,79,93,5.7,overcast clouds
518,Balkanabat,TM,39.5108,54.3671,63.84,65,87,5.64,overcast clouds
519,Carutapera,BR,-1.195,-46.02,76.3,92,100,4.74,moderate rain
520,Zhuhai,CN,22.2769,113.5678,62.38,94,40,19.57,light intensity shower rain
521,Loanda,AO,-8.8368,13.2343,78.8,89,40,3.44,scattered clouds
522,Dejen,ET,10.1667,38.1333,62.82,52,84,2.68,broken clouds
523,Yar-Sale,RU,66.8333,70.8333,5.97,90,14,6.13,few clouds
524,Azanka,RU,58.0401,64.7893,34.14,86,89,11.95,overcast clouds
525,Fukue,JP,32.6881,128.8419,61.88,45,100,12.8,overcast clouds
526,Micheweni,TZ,-4.9667,39.8333,78.19,85,99,14.41,moderate rain
527,Nassau,US,40.7507,-73.5829,62.33,52,0,8.05,clear sky
528,Ostrovnoy,RU,68.0531,39.5131,15.22,92,57,8.46,broken clouds
529,Eltham,NZ,-39.4292,174.3,65.95,78,100,6.24,overcast clouds
530,Wanaka,NZ,-44.7,169.15,54.1,91,61,3.0,broken clouds
531,Awjilah,LY,29.1081,21.2869,82.31,26,100,18.01,overcast clouds
532,Nisia Floresta,BR,-6.0911,-35.2086,79.61,89,69,6.76,light rain
533,Mercedes,AR,-34.6515,-59.4307,54.86,66,0,6.11,clear sky
534,Robertsport,LR,6.7533,-11.3686,82.47,83,100,5.48,overcast clouds
535,Kopervik,NO,59.2835,5.3067,44.33,93,44,3.44,scattered clouds
536,Sanandaj,IR,35.3144,46.9923,50.92,82,68,2.26,broken clouds
537,Pangani,TZ,-5.4333,38.9667,76.08,84,91,9.28,light rain
538,Ola,RU,59.5833,151.2833,43.14,79,45,5.41,scattered clouds
539,Illapel,CL,-31.6308,-71.1653,59.09,67,1,2.86,clear sky
540,Benguela,AO,-12.5763,13.4055,75.74,85,3,0.89,clear sky
541,Pitimbu,BR,-7.4706,-34.8086,78.62,83,18,8.32,few clouds
542,Safford,US,32.834,-109.7076,92.32,6,0,13.8,clear sky
543,Aasiaat,GL,68.7098,-52.8699,13.57,83,5,3.71,clear sky
544,Ginda,IN,30.6945,78.4932,58.6,38,59,7.34,broken clouds
545,Savannah Bight,HN,16.45,-85.85,82.17,80,95,19.15,overcast clouds
546,Kasongo,CD,-4.45,26.6667,68.07,99,100,2.15,moderate rain
547,San Quintin,MX,30.4833,-115.95,64.54,68,1,16.33,clear sky
548,Mersing,MY,2.4312,103.8405,77.04,91,100,4.99,overcast clouds
549,Sydney,AU,-33.8679,151.2073,64.35,79,20,9.22,few clouds
550,Coihaique,CL,-45.5752,-72.0662,42.98,99,100,3.06,overcast clouds
551,Trincomalee,LK,8.5711,81.2335,82.17,81,87,15.37,overcast clouds
552,Kemijarvi,FI,66.7131,27.4306,29.43,95,99,6.82,light snow
553,Teguise,ES,29.0605,-13.564,62.82,77,20,18.41,few clouds
554,Bobon,PH,12.5246,124.5636,79.12,83,81,4.18,broken clouds
555,Aguimes,ES,27.9054,-15.4461,64.65,68,20,24.16,few clouds
556,Kalulushi,ZM,-12.8378,28.0919,54.61,84,0,4.76,clear sky
557,Mbaiki,CF,3.8678,17.9892,68.02,95,93,1.39,overcast clouds
558,Newport,GB,51.5877,-2.9984,51.46,91,99,2.89,overcast clouds
559,Maroantsetra,MG,-15.4333,49.7333,75.0,90,97,2.01,overcast clouds
560,Jam Sahib,PK,26.2958,68.6292,84.22,23,68,15.93,broken clouds
561,Kamaishi,JP,39.2667,141.8833,48.61,72,2,1.54,clear sky
562,Ziro,IN,27.6333,93.8333,50.59,93,83,0.96,broken clouds
563,Tsumeb,NA,-19.2333,17.7167,64.02,49,26,6.76,scattered clouds
564,Norsup,VU,-16.0667,167.3833,83.53,69,100,1.5,overcast clouds
565,Svetlogorsk,BY,52.6333,29.7333,43.11,92,62,5.1,broken clouds
566,Naryan-Mar,RU,67.6713,53.087,12.29,96,86,8.93,overcast clouds
567,Sao Felix Do Xingu,BR,-6.6447,-51.995,77.58,81,51,2.64,broken clouds
568,Cortes,ES,41.9395,-1.4396,60.85,66,40,13.31,scattered clouds
569,Deming,US,32.2687,-107.7586,87.69,5,0,20.71,clear sky
570,Kaeo,NZ,-35.1,173.7833,68.32,81,89,9.71,overcast clouds
571,Port-Cartier,CA,50.0334,-66.8654,41.76,87,56,5.46,broken clouds
572,Waycross,US,31.2136,-82.354,80.85,63,0,3.44,clear sky
573,Orje,NO,59.4802,11.6602,45.36,72,94,8.23,overcast clouds
574,Murray Bridge,AU,-35.1167,139.2667,63.12,72,6,3.91,clear sky
575,Puerto Del Rosario,ES,28.5004,-13.8627,65.95,77,0,11.5,clear sky
576,El Triunfo,EC,-1.9333,-79.9667,80.02,81,87,2.75,overcast clouds
577,Itarema,BR,-2.9248,-39.9167,79.83,81,46,12.64,scattered clouds
578,Caldas Novas,BR,-17.7417,-48.625,69.17,41,3,3.02,clear sky
579,Freeport,US,40.6576,-73.5832,62.11,54,0,8.05,clear sky
580,Birjand,IR,32.8663,59.2211,54.07,76,0,0.0,clear sky
581,Aljezur,PT,37.3191,-8.8033,56.68,89,14,15.32,few clouds
582,Sisimiut,GL,66.9395,-53.6735,27.41,75,22,5.95,few clouds
583,Alberton,CA,46.8168,-64.0654,36.41,97,100,16.26,overcast clouds
584,Labrea,BR,-7.2586,-64.7981,76.68,90,100,1.59,moderate rain
585,Abha,SA,18.2164,42.5053,62.85,63,0,5.75,clear sky
586,Kavaratti,IN,10.5669,72.642,83.95,72,83,8.59,broken clouds
587,Salumbar,IN,24.1333,74.05,87.06,37,5,10.74,clear sky
588,Xuddur,SO,4.1213,43.8894,72.99,82,100,10.11,overcast clouds
589,Jiayuguan,CN,39.8167,98.3,46.18,18,1,4.41,clear sky
590,Muravlenko,RU,63.7898,74.523,17.1,91,66,5.17,broken clouds
591,Hobbs,US,32.7026,-103.136,82.67,45,75,21.85,broken clouds
592,Riberalta,BO,-10.9833,-66.1,82.6,78,75,13.8,broken clouds
593,Bocas Del Toro,PA,9.3333,-82.25,80.51,83,100,13.29,overcast clouds
594,Maralal,KE,1.0968,36.698,59.07,88,100,4.94,overcast clouds
595,Kulu,TR,39.0951,33.0799,45.61,90,36,4.99,scattered clouds
596,Hai Duong,VN,20.9333,106.3167,69.8,59,100,14.79,overcast clouds
597,Guaymas,MX,27.9333,-110.9,86.88,47,0,14.79,clear sky
598,Gat,IL,31.61,34.7642,65.08,100,0,4.72,clear sky
599,Agirish,RU,61.9247,63.0231,26.33,96,100,6.55,overcast clouds
600,Nawa,IN,27.0167,75.0,86.38,22,19,11.52,few clouds
601,Makasar,ID,-5.14,119.4221,75.25,100,20,2.3,few clouds
602,Hami,CN,42.8,93.45,59.83,12,2,5.79,clear sky
603,Pedernales,DO,18.0384,-71.744,75.31,88,100,4.54,overcast clouds
604,Harper,LR,4.375,-7.7169,80.85,81,49,7.72,scattered clouds
605,Olinda,BR,-8.0089,-34.8553,78.53,89,75,4.61,broken clouds
606,Sambava,MG,-14.2667,50.1667,76.91,86,55,7.02,broken clouds
607,Sorland,NO,67.667,12.6934,37.81,85,100,27.49,overcast clouds
608,Quatre Cocos,MU,-20.2078,57.7625,74.08,83,5,3.78,clear sky
609,Abu Dhabi,AE,24.4667,54.3667,78.96,65,0,3.0,clear sky
610,Xining,CN,36.6167,101.7667,34.81,66,1,2.73,clear sky
611,Bonthe,SL,7.5264,-12.505,81.21,83,79,4.81,light rain
612,College,US,64.8569,-147.8028,54.23,34,100,9.22,overcast clouds
613,Timra,SE,62.487,17.3257,37.08,87,40,3.44,scattered clouds
614,Puerto Leguizamo,CO,-0.1934,-74.7819,77.0,79,97,1.68,overcast clouds
615,Mamallapuram,IN,12.6264,80.1722,85.05,86,92,11.41,overcast clouds
616,Rotterdam,NL,51.9225,4.4792,49.91,76,61,5.97,broken clouds
617,Fallon,US,39.4735,-118.7774,63.91,22,20,4.61,few clouds
618,Mikhaylovka,RU,50.06,43.2379,40.69,59,9,6.15,clear sky
619,Petersburg,US,37.2279,-77.4019,77.41,73,100,0.0,overcast clouds
620,Ondjiva,AO,-17.0667,15.7333,66.6,47,54,5.79,broken clouds
621,Makakilo City,US,21.3469,-158.0858,82.72,59,75,23.02,broken clouds
622,Mansa,IN,29.9833,75.3833,85.37,33,0,8.3,clear sky
623,Benghazi,LY,32.1167,20.0667,67.64,72,40,11.36,scattered clouds
624,Zyryanka,RU,65.75,150.85,33.39,98,95,7.52,overcast clouds
625,Hobyo,SO,5.3505,48.5268,84.54,72,100,18.63,overcast clouds
626,Kutum,SD,14.2,24.6667,80.8,10,58,7.31,broken clouds
627,Kropotkin,RU,45.4375,40.5756,49.89,97,100,14.47,light rain
628,Salalah,OM,17.0151,54.0924,84.29,84,20,5.75,few clouds
629,Ghanzi,BW,-21.5667,21.7833,67.64,35,50,6.58,scattered clouds
630,Tura,IN,25.5198,90.2201,69.06,95,98,3.8,overcast clouds
631,Muroto,JP,33.2833,134.15,59.58,60,100,0.65,overcast clouds
632,Russkaya Polyana,UA,49.417,31.9201,45.59,74,25,2.55,scattered clouds
633,Cayenne,GF,4.9333,-52.3333,81.09,1,75,4.61,broken clouds
634,Codrington,AU,-38.2667,141.9667,59.94,79,100,9.82,overcast clouds
635,Dawei,MM,14.0833,98.2,75.6,92,100,3.36,overcast clouds
636,Koson,UZ,39.0375,65.585,75.52,33,100,6.87,overcast clouds
637,Aguie,NE,13.506,7.7786,90.9,12,45,8.59,scattered clouds
638,Yenangyaung,MM,20.4667,94.8833,83.59,65,10,4.72,clear sky
639,San Antonio,US,29.4241,-98.4936,91.15,49,40,18.41,scattered clouds
640,Belmonte,BR,-15.8631,-38.8828,76.03,79,0,6.42,clear sky
641,Tono,JP,39.3167,141.5333,43.63,67,16,7.63,few clouds
642,Akyab,MM,20.15,92.9,78.42,83,7,3.27,clear sky
643,Bjornevatn,NO,69.6672,29.9847,26.94,86,75,8.05,broken clouds
644,Jerez,GT,14.1,-89.75,88.25,45,0,2.3,clear sky
645,Kieta,PG,-6.2167,155.6333,83.55,73,99,3.91,overcast clouds
646,Senador Jose Porfirio,BR,-2.5908,-51.9542,75.61,95,97,3.29,overcast clouds
647,Bolekhiv,UA,49.0661,23.8643,46.81,85,91,3.18,overcast clouds
648,Teguldet,RU,57.3064,88.1667,39.43,84,100,11.14,overcast clouds
649,Namwala,ZM,-15.7504,26.4384,57.58,72,0,4.41,clear sky
650,Fatehpur,IN,25.9333,80.8,86.05,43,20,6.98,few clouds
651,Saint-Pierre,RE,-21.3393,55.4781,73.29,74,20,5.75,few clouds
652,Tenabo,MX,20.05,-90.2333,86.0,43,67,6.24,broken clouds
653,Cairns,AU,-16.9167,145.7667,77.11,90,75,9.22,broken clouds
654,Payo,ID,-3.7508,103.6372,72.52,96,100,2.26,overcast clouds
655,Witham,GB,51.8001,0.6404,53.19,74,100,2.71,overcast clouds
656,Maracaju,BR,-21.6144,-55.1683,76.48,48,70,3.8,broken clouds
657,The Pas,CA,53.8251,-101.2541,36.32,80,100,8.1,overcast clouds
658,Nykoping,SE,58.753,17.0079,41.29,65,0,3.44,clear sky
659,Sorong,ID,-0.8833,131.25,80.46,83,95,6.58,overcast clouds
660,Port Blair,IN,11.6667,92.75,78.84,94,40,2.3,mist
661,Wawa,NG,9.9022,4.4192,81.84,63,82,7.52,broken clouds
662,Sayyan,YE,15.1718,44.3244,62.8,43,11,4.92,few clouds
663,Ambilobe,MG,-13.2,49.05,72.59,97,33,2.89,scattered clouds
664,Brigantine,US,39.4101,-74.3646,55.09,76,100,8.05,moderate rain
665,Parral,MX,26.9333,-105.6667,86.94,4,95,18.03,overcast clouds
666,Belaya Gora,RU,68.5333,146.4167,29.35,93,64,7.23,broken clouds
667,Matamoros,MX,25.5333,-103.25,96.33,5,100,10.85,overcast clouds
668,Pauini,BR,-7.7136,-66.9764,77.63,82,86,2.3,overcast clouds
669,Meulaboh,ID,4.1363,96.1285,76.5,89,100,4.27,overcast clouds
670,Deshnok,IN,27.7986,73.3447,90.01,28,46,17.52,scattered clouds
671,Acarau,BR,-2.8856,-40.12,79.52,82,50,12.86,light rain
672,Los Llanos De Aridane,ES,28.6585,-17.9182,63.12,77,0,12.66,clear sky
673,Kangaatsiaq,GL,68.3065,-53.4641,17.67,82,4,7.63,clear sky
674,Rawson,AR,-43.3002,-65.1023,50.7,61,100,10.67,overcast clouds
675,Dabakala,CI,8.3667,-4.4333,80.74,65,89,5.32,light rain
676,Cooma,AU,-36.2333,149.1333,52.12,63,14,1.92,few clouds
677,Saint-Francois,FR,46.4154,3.9054,45.68,87,0,1.14,clear sky
678,Russell,US,32.3502,-85.1999,80.96,63,20,5.75,few clouds
679,Faya,SA,18.3851,42.4509,66.31,53,15,2.46,few clouds
680,Providencia,MX,28.7167,-111.5833,92.21,26,0,20.56,clear sky
